space,mean_abs_coef,max_abs_coef,n_features
pca,1.2573478755544458,3.3191346881469013,10
original,1.6148129849105883,3.311066948791888,13
selected,2.2933199192842233,3.536817069761983,8
