space,rmse,n_iter_
selected,5.006617126638292,30
original,5.065228187501349,30
pca,5.386639495741396,17
