space,rmse,r2,n_iter_
original,5.065228187501349,0.6501402834302485,30
pca,5.386639495741396,0.6043312671644617,17
selected,5.006617126638292,0.6581900732170344,30
